INSERT INTO `empresas` (`empresa`, `created_at`, `updated_at`, `deleted_at`) VALUES
('__EMP_PRINCIPAL__', '2017-09-29 12:31:36', '2017-09-29 12:31:36', NULL);
INSERT INTO `configuracions` (`id`, `atributo`, `tipo`, `valores_fuente`, `fijo`, `valor`, `created_at`, `updated_at`, `deleted_at`, `empresa`) VALUES
(1, 'CUSTODIO_BODEGA', 'texto', '', 'FIJO', '1', '2016-07-13 02:56:11', '2016-07-13 02:56:11', NULL, '__EMP_PRINCIPAL__');

INSERT INTO `modelo_equipos` (`id`, `modelo`, `fabricante`, `garantia_anios`, `tipo_equipo`, `created_at`, `updated_at`) VALUES
(1, 'HP COMPAQ 6200', 'HP', 4, 'DESKTOP', '2016-07-07 01:42:25', '2017-09-11 20:15:34'),
(2, 'COMPAQ 6000', 'HP', 4, 'DESKTOP', NULL, NULL),
(3, 'COMPAQ 6200', 'HP', 4, 'DESKTOP', NULL, NULL),
(4, 'COMPAQ 6300', 'HP', 4, 'DESKTOP', NULL, NULL),
(5, '800 EOTEA', 'IBM', 4, 'DESKTOP', NULL, NULL),
(6, 'PRO DESK 600 G1', 'HP', 4, 'DESKTOP', NULL, NULL),
(7, 'PRO BOOK 6450B', 'HP', 4, 'DESKTOP', NULL, NULL),
(8, 'PRO BOOK 6460B', 'HP', 4, 'DESKTOP', NULL, NULL),
(9, 'PRO BOOK 6470B', 'HP', 4, 'DESKTOP', NULL, NULL),
(10, 'ELITE BOOK 9480m', 'HP', 4, 'LAPTOP', NULL, NULL),
(11, 'ELITE BOOK 9470m', 'HP', 4, 'LAPTOP', NULL, NULL),
(12, 'OPTIPLEX 380', 'DELL', 4, 'DESKTOP', NULL, NULL),
(13, 'OPTIPLEX 745', 'DELL', 4, 'DESKTOP', NULL, NULL),
(14, 'VOSTRO 220', 'DELL', 4, 'LAPTOP', NULL, NULL),
(15, 'VOSTRO 230', 'DELL', 4, 'LAPTOP', NULL, NULL),
(16, 'OTROS', 'CLON', 4, 'CLON', NULL, NULL),
(17, 'Monitor Generico', 'otros', 1, 'MONITOR', '2016-07-13 05:31:24', '2016-07-13 05:31:24'),
(18, 'HSTNN-DA40', 'HP', 1, 'CARGADOR', '2016-07-20 01:16:14', '2016-08-11 00:22:54'),
(19, 'FX-890', 'EPSON', 1, 'IMPRESORA MATRICIAL', '2016-07-20 22:38:28', '2016-07-20 22:38:28'),
(20, 'PF4I', 'INTERMEC', 1, 'IMPRESORA TERMICA', '2016-07-20 22:39:07', '2016-07-20 22:39:07'),
(21, 'HP S1933', 'HP', 1, 'MONITOR', '2016-07-20 22:50:00', '2016-07-20 22:50:00'),
(22, 'MICROLINE 620', 'OKI', 1, 'IMPRESORA MATRICIAL', '2016-07-21 00:06:46', '2016-07-21 00:06:46'),
(23, 'HP LASERJET 1536DNF MFP', 'HP', 1, 'SCANNER', '2016-07-21 00:09:36', '2016-07-21 00:09:36'),
(24, '1608-i', 'AVAYA', 1, 'TELEFONO IP', '2016-07-21 00:17:57', '2016-07-21 00:17:57'),
(25, 'IC-A110', 'ICOM', 1, '', '2016-07-21 00:23:46', '2016-07-21 00:23:46'),
(26, 'HP LASERJET M1522n', 'HP', 1, 'IMPRESORA LASER', '2016-07-21 19:05:14', '2016-07-21 19:05:14'),
(27, 'G430 AVAYA', 'AVAYA', 1, 'CENTRAL TELEFONICA', '2016-07-21 19:08:13', '2016-07-21 19:08:13'),
(28, 'CATALYST 2960 SERIES SI', 'CISCO', 1, 'SWITCH', '2016-07-21 19:09:19', '2016-07-21 19:09:19'),
(29, 'APC SURTA3000XL', 'APC', 1, 'PISTOLA LASER', '2016-07-21 19:11:36', '2016-07-21 19:11:36'),
(30, 'HP SCANJET 5590', 'HP', 1, 'SCANNER', '2016-07-21 19:30:59', '2016-07-21 19:30:59'),
(31, 'COMPAQ 6000 PRO MICRO TOWER', 'HP', 4, '', '2016-07-30 04:26:09', '2016-07-30 04:26:09'),
(32, 'SyncMaster 740NW', 'Samsung', 1, '', '2016-08-02 22:23:42', '2016-08-02 22:23:42'),
(33, 'PROYECTOR LCD H369A', 'EPSON', 2, '', '2016-08-03 00:33:51', '2016-08-03 00:33:51'),
(34, 'HP LV1911', 'HP', 2, '', '2016-08-05 23:45:05', '2016-08-05 23:45:05'),
(35, 'DELL MONITOR E170SC', 'dell', 2, '', '2016-08-05 23:56:49', '2016-08-05 23:56:49'),
(36, 'PISTOLA LECTORA SYMBOL LS2208', 'SYMBOL', 2, '', '2016-08-06 00:04:19', '2016-08-06 00:04:19'),
(37, 'PROBOOK 4420S', 'HP', 4, '', '2016-08-06 00:10:25', '2016-08-06 00:10:25'),
(38, 'HP SCANJET ENTERPRISE 7500', 'HP', 2, '', '2016-08-06 00:30:13', '2016-08-06 00:30:13'),
(40, 'PROYECTOR LCD H552A POWER LITE S18+', 'EPSON', 2, 'PROYECTOR', '2016-08-23 01:14:18', '2016-08-23 01:14:18'),
(41, 'PROYECTOR LCD H430A POWER LITE S12+', 'EPSON', 2, 'PROYECTOR', '2016-08-23 01:20:54', '2016-08-23 01:20:54'),
(42, 'SOYO', 'SOYO', 4, 'MONITOR', '2016-08-24 21:56:42', '2016-08-24 21:56:42'),
(43, 'DELL MONITOR E170Sb', 'DELL', 2, 'MONITOR', '2016-08-24 22:47:20', '2016-08-24 22:47:20'),
(44, 'SYNCMASTER 632 NW', 'SAMSUNG', 2, 'MONITOR', '2016-08-24 23:36:37', '2016-08-24 23:36:37'),
(45, 'HP S1922 MONITOR', 'HP', 2, 'MONITOR', '2016-08-25 02:33:56', '2016-08-25 02:33:56'),
(46, 'IMPRESORA Z705 LEXMARK', 'LEXMARK', 2, 'IMPRESORA A TINTA', '2016-08-25 03:25:33', '2016-08-25 03:25:33'),
(47, 'COMPAQ S1922 MONITOR', 'COMPAQ', 2, 'MONITOR', '2016-08-25 03:34:15', '2016-08-25 03:34:15'),
(48, 'Vostro 3300', 'DELL', 4, 'LAPTOP', '2016-09-12 21:45:38', '2016-09-12 21:45:38'),
(49, 'HP LASERJET P2035N', 'HP', 0, 'IMPRESORA LASER', '2016-09-23 01:32:33', '2016-09-23 01:32:33'),
(50, 'DATACARD CP60 PLUS', 'DATACARD', 0, 'IMPRESORA TARJETAS', '2016-09-23 01:38:41', '2016-09-23 01:38:41'),
(51, 'PROBOOK 6530B', 'HP', 0, 'LAPTOP', '2016-09-23 05:55:31', '2016-09-23 05:55:31'),
(52, 'IP 1800', 'CANON', 0, 'IMPRESORA', '2016-12-08 06:16:35', '2016-12-08 06:16:35'),
(53, 'SCX-4623F', 'SAMSUNG', 1, 'IMPRESORA MULTIFUNCION', '2017-04-04 21:50:47', '2017-04-04 21:50:47'),
(54, 'ELITE BOOK 840G3', 'HP', 4, 'LAPTOP', '2017-04-18 05:20:22', '2017-04-18 05:20:37'),
(55, 'ELITE BOOK 840G3 TOUCH', 'HP', 4, 'LAPTOP', '2017-04-18 05:21:00', '2017-04-18 05:21:00'),
(56, 'HUAWEI CUN - L03', 'HUAWEI', 1, 'CELULAR', '2017-04-24 20:56:52', '2017-04-24 20:56:52'),
(57, 'LaserJet Pro 400 M401dne', 'HP', 1, 'IMPRESORA LASER', '2017-08-17 05:42:30', '2017-09-20 19:26:45'),
(58, 'KX-FT907', 'PANASONIC', 1, 'FAX TELEFONO', '2017-08-17 23:19:26', '2017-08-17 23:19:26'),
(59, 'LaserJet M1212nf MFP', 'HP', 1, 'IMPRESORA LASER', '2017-08-17 23:42:48', '2017-09-20 19:27:19'),
(60, 'PF2i', 'INTERMEC', 1, 'IMPRESORA BAG TAG', '2017-08-18 01:59:32', '2017-08-18 01:59:32'),
(61, 'IC-F24 RADIO ICOM', 'ICOM', 1, 'RADIO ', '2017-08-18 02:59:15', '2017-08-18 02:59:15'),
(62, 'COMPAQ 6710B', 'HP', 1, 'LAPTOP', '2017-08-18 04:02:35', '2017-08-18 04:02:35'),
(63, 'ML-2240', 'SAMSUNG', 1, 'IMPRESORA LASER', '2017-08-18 04:14:18', '2017-08-18 04:14:18'),
(64, 'HP CARGADOR', 'HP', 1, 'CARGADOR', '2017-08-18 04:48:45', '2017-08-18 04:48:45'),
(65, 'SyncMaster 731B', 'SAMSUNG', 1, 'MONITOR', '2017-08-18 21:30:20', '2017-08-18 21:30:20'),
(66, 'SyncMaster', 'SAMSUNG', 1, 'MONITOR', '2017-08-22 01:00:53', '2017-08-22 01:00:53'),
(67, 'EliteOne800', 'HP', 1, 'ALL IN ONE', '2017-08-22 03:42:34', '2017-08-22 03:42:34'),
(68, '42PC5RVH', 'LG', 1, 'TELEVISION', '2017-08-22 03:48:35', '2017-08-22 03:48:35'),
(69, 'PROBOOK 4320S', 'HP', 4, 'LAPTOP', '2017-09-28 22:34:54', '2017-09-28 22:34:54'),
(70, 'Personal Photo Lab', 'Picture Mate', 4, 'IMPRESORA', '2017-09-28 23:21:34', '2017-09-28 23:21:34');

INSERT INTO `orden_de_compras` (`id`, `ordenCompra`, `fecha_compra`, `created_at`, `updated_at`, `deleted_at`) VALUES
(1, 'PO - 2001418', NULL, '2016-07-07 02:02:42', '2016-07-07 02:02:42', NULL),
(2, 'PO-2003701', NULL, '2016-07-07 02:03:51', '2016-07-07 02:03:51', NULL),
(3, '0', NULL, NULL, NULL, NULL),
(4, '2021185', NULL, NULL, NULL, NULL),
(5, '2021230', NULL, NULL, NULL, NULL),
(6, '2029827', NULL, NULL, NULL, NULL),
(7, '2031337', NULL, NULL, NULL, NULL),
(8, '2037692', NULL, NULL, NULL, NULL),
(9, '2042649', NULL, NULL, NULL, NULL),
(10, '2043401', NULL, NULL, NULL, NULL),
(11, '2043747', NULL, NULL, NULL, NULL),
(12, '4600218269', NULL, NULL, NULL, NULL),
(13, '4600221876', NULL, NULL, NULL, NULL),
(14, 'G2566', NULL, NULL, NULL, NULL),
(15, 'G2594', NULL, NULL, NULL, NULL),
(16, 'G2704', NULL, NULL, NULL, NULL),
(17, 'G2833', NULL, NULL, NULL, NULL),
(18, 'PO - 2001418', NULL, NULL, NULL, NULL),
(19, 'PO - 2006683', NULL, NULL, NULL, NULL),
(20, 'PO-2045834', NULL, NULL, NULL, NULL),
(21, 'PO-2049255', NULL, NULL, NULL, NULL),
(22, 'PO-2052145', NULL, NULL, NULL, NULL),
(23, 'PO-2056268', NULL, NULL, NULL, NULL),
(24, 'PO-2072108', NULL, NULL, NULL, NULL),
(25, 'PO-2001418', NULL, NULL, NULL, NULL),
(26, 'PO-2003745', NULL, NULL, NULL, NULL),
(27, 'PO-2004389', NULL, NULL, NULL, NULL),
(28, 'PO-2004215', NULL, NULL, NULL, NULL),
(29, 'PO-2029860', NULL, NULL, NULL, NULL),
(30, 'PO-2029860', NULL, NULL, NULL, NULL),
(31, 'PO-2025080', NULL, NULL, NULL, NULL),
(32, 'PO-2019254', NULL, NULL, NULL, NULL),
(33, 'PO-2027714', NULL, NULL, NULL, NULL),
(34, 'PO-2028670', NULL, NULL, NULL, NULL),
(35, 'AVTA 1760', NULL, NULL, NULL, NULL),
(36, 'AVTA 1770', NULL, NULL, NULL, NULL),
(37, 'PO-2031337', NULL, NULL, NULL, NULL),
(38, 'PO-2037692', NULL, NULL, NULL, NULL),
(39, 'PO-2043401', NULL, NULL, NULL, NULL),
(40, 'PO-2056266', NULL, NULL, NULL, NULL),
(41, 'PO-2053555', NULL, NULL, NULL, NULL),
(42, 'PO-2056267', NULL, NULL, NULL, NULL),
(43, 'PO-2053684', NULL, NULL, NULL, NULL),
(44, 'PO-2072183', NULL, NULL, NULL, NULL),
(45, 'PO - 2002644', NULL, NULL, NULL, NULL),
(46, 'guia remision 2566', NULL, NULL, NULL, NULL),
(47, 'guia remision 2594', NULL, NULL, NULL, NULL),
(48, '2005848', NULL, NULL, NULL, NULL),
(49, '2005792', NULL, NULL, NULL, NULL),
(50, 'PO-2084236', '2017-03-24', '2017-04-18 05:23:09', '2017-04-27 02:21:15', NULL),
(51, 'PO-2085986', '2017-03-24', '2017-04-18 05:23:22', '2017-04-27 02:21:39', NULL),
(52, 'PO-2085985', '2017-03-24', '2017-04-18 05:23:37', '2017-04-27 02:22:16', NULL),
(53, 'PO-2084237', '2017-03-24', '2017-04-18 05:23:50', '2017-04-27 02:23:13', NULL),
(54, 'PO-2086639', '2017-04-29', '2017-04-18 05:24:07', '2017-04-27 02:24:28', NULL);

INSERT INTO `estaciones` (`id`, `estacion`, `created_at`, `updated_at`, `pais`, `nombre_largo`, `empresa`) VALUES
(1, 'UIO', '2016-07-07 19:08:03', '2016-07-07 19:08:03', 'ECUADOR', '', '__EMP_PRINCIPAL__'),
(2, 'GYE', '2016-07-07 19:10:20', '2016-07-07 19:10:20', 'ECUADOR', '', '__EMP_PRINCIPAL__'),
(3, 'MEC', NULL, NULL, 'ECUADOR', '', '__EMP_PRINCIPAL__'),
(4, 'OCC', NULL, NULL, 'ECUADOR', '', '__EMP_PRINCIPAL__'),
(5, 'CUE', NULL, NULL, 'ECUADOR', '', '__EMP_PRINCIPAL__'),
(6, 'GPS', NULL, NULL, 'ECUADOR', '', '__EMP_PRINCIPAL__'),
(7, 'SCY', NULL, NULL, 'ECUADOR', '', '__EMP_PRINCIPAL__');

INSERT INTO `areas` (`id`, `area`, `created_at`, `updated_at`, `empresa`) VALUES
(1, 'CTO / VTS ATO / COMERCIAL', '2016-07-07 00:57:12', '2016-07-08 04:34:00', '__EMP_PRINCIPAL__'),
(2, 'MANTENIMIENTO', '2016-07-07 20:31:12', '2016-07-08 04:33:00', '__EMP_PRINCIPAL__'),
(3, 'APLICA A TODOS LOS EQUIPOS', '2016-07-07 21:09:29', '2016-07-08 04:32:37', '__EMP_PRINCIPAL__'),
(4, 'FINANCIERO', '2016-07-08 04:32:51', '2016-07-08 04:32:51', '__EMP_PRINCIPAL__'),
(5, 'CARGA', '2016-07-08 04:33:07', '2016-07-08 04:33:07', '__EMP_PRINCIPAL__'),
(6, 'OPERACION /SOC ', '2016-07-08 04:33:19', '2016-07-08 04:33:19', '__EMP_PRINCIPAL__'),
(7, 'ACTIVOS FIJOS', NULL, NULL, '__EMP_PRINCIPAL__'),
(8, 'AULAS', NULL, NULL, '__EMP_PRINCIPAL__'),
(9, 'BODEGA IT', NULL, NULL, '__EMP_PRINCIPAL__'),
(10, 'BODEGA MANTTO', NULL, NULL, '__EMP_PRINCIPAL__'),
(11, 'CARGA INTER', NULL, NULL, '__EMP_PRINCIPAL__'),
(12, 'CARGA NAC', NULL, NULL, '__EMP_PRINCIPAL__'),
(13, 'COMERCIAL', NULL, NULL, '__EMP_PRINCIPAL__'),
(14, 'COMEX', NULL, NULL, '__EMP_PRINCIPAL__'),
(15, 'COMPRAS ', NULL, NULL, '__EMP_PRINCIPAL__'),
(16, 'CTO AMAZONAS', NULL, NULL, '__EMP_PRINCIPAL__'),
(17, 'CTO BRESCIA', NULL, NULL, '__EMP_PRINCIPAL__'),
(18, 'CTO COCA', NULL, NULL, '__EMP_PRINCIPAL__'),
(19, 'CTO CORUÑA', NULL, NULL, '__EMP_PRINCIPAL__'),
(20, 'CTO CUENCA', NULL, NULL, '__EMP_PRINCIPAL__'),
(21, 'CTO HILTON', NULL, NULL, '__EMP_PRINCIPAL__'),
(22, 'CTO JUNIN', NULL, NULL, '__EMP_PRINCIPAL__'),
(23, 'CTO MANTA', NULL, NULL, '__EMP_PRINCIPAL__'),
(24, 'CTO PTO. AYORA', NULL, NULL, '__EMP_PRINCIPAL__'),
(25, 'CTO SAN CRISTOBAL', NULL, NULL, '__EMP_PRINCIPAL__'),
(26, 'DESPACHO', NULL, NULL, '__EMP_PRINCIPAL__'),
(27, 'EQUIPOS DE APOYO', NULL, NULL, '__EMP_PRINCIPAL__'),
(28, 'FINANCIERO', NULL, NULL, '__EMP_PRINCIPAL__'),
(29, 'GRUPOS GPS', NULL, NULL, '__EMP_PRINCIPAL__'),
(30, 'INTERIORES', NULL, NULL, '__EMP_PRINCIPAL__'),
(31, 'IT', NULL, NULL, '__EMP_PRINCIPAL__'),
(32, 'ITINERARIOS', NULL, NULL, '__EMP_PRINCIPAL__'),
(33, 'JEFATURA ATO', NULL, NULL, '__EMP_PRINCIPAL__'),
(34, 'KIOSKOS TH', NULL, NULL, '__EMP_PRINCIPAL__'),
(35, 'LEGAL', NULL, NULL, '__EMP_PRINCIPAL__'),
(36, 'LOST&FOUND', NULL, NULL, '__EMP_PRINCIPAL__'),
(37, 'MANTENIMIENTO', NULL, NULL, '__EMP_PRINCIPAL__'),
(38, 'MANTTO LINEA', NULL, NULL, '__EMP_PRINCIPAL__'),
(39, 'MEDICO OCUPACIONAL', NULL, NULL, '__EMP_PRINCIPAL__'),
(40, 'OP. TERRESTRES', NULL, NULL, '__EMP_PRINCIPAL__'),
(41, 'OPERACIONES', NULL, NULL, '__EMP_PRINCIPAL__'),
(42, 'PLANTA FISICA', NULL, NULL, '__EMP_PRINCIPAL__'),
(43, 'PRODUCCIÓN', NULL, NULL, '__EMP_PRINCIPAL__'),
(44, 'PUBLICIDAD', NULL, NULL, '__EMP_PRINCIPAL__'),
(45, 'Q.A', NULL, NULL, '__EMP_PRINCIPAL__'),
(46, 'RAMPA', NULL, NULL, '__EMP_PRINCIPAL__'),
(47, 'RECEPCION', NULL, NULL, '__EMP_PRINCIPAL__'),
(48, 'RECP. PARTES', NULL, NULL, '__EMP_PRINCIPAL__'),
(49, 'SAB', NULL, NULL, '__EMP_PRINCIPAL__'),
(50, 'SEGURIDAD', NULL, NULL, '__EMP_PRINCIPAL__'),
(51, 'SEGUROS', NULL, NULL, '__EMP_PRINCIPAL__'),
(52, 'SERV. CLIENTE', NULL, NULL, '__EMP_PRINCIPAL__'),
(53, 'SOC', NULL, NULL, '__EMP_PRINCIPAL__'),
(54, 'TALENTO HUMANO', NULL, NULL, '__EMP_PRINCIPAL__'),
(55, 'TALLER LLANTAS', NULL, NULL, '__EMP_PRINCIPAL__'),
(56, 'TRAFICO', NULL, NULL, '__EMP_PRINCIPAL__'),
(57, 'TRAINING', NULL, NULL, '__EMP_PRINCIPAL__'),
(58, 'TRIPULACIÓN', NULL, NULL, '__EMP_PRINCIPAL__'),
(59, 'VICEPRESIDENCIA', NULL, NULL, '__EMP_PRINCIPAL__'),
(60, 'VTS ATO GYE', NULL, NULL, '__EMP_PRINCIPAL__'),
(61, 'VTS ATO MEC', NULL, NULL, '__EMP_PRINCIPAL__'),
(62, 'VTS ATO UIO', NULL, NULL, '__EMP_PRINCIPAL__'),
(63, 'CERTIFICACION', NULL, NULL, '__EMP_PRINCIPAL__'),
(64, 'ROBADO', '2016-07-19 23:03:04', '2016-07-19 23:03:04', '__EMP_PRINCIPAL__');

INSERT INTO `opciones_check_lists` (`id`, `area_id`, `atributo`, `mandatorio`, `tipo`, `created_at`, `updated_at`) VALUES
(9, 3, 'HOST EN DOMINIO AVIANCA.LOC', 'SI', 'si-no', '2016-07-07 21:08:58', '2016-07-08 04:21:14'),
(11, 3, 'WINDOWS', 'SI', 'si-no', NULL, NULL),
(12, 3, 'OFFICE', 'SI', 'si-no', NULL, NULL),
(13, 3, 'ADOBE READER', 'SI', 'si-no', NULL, NULL),
(14, 3, 'WINZIP / WINRAR', 'SI', 'si-no', NULL, NULL),
(15, 3, 'MAIL', 'SI', 'si-no', NULL, NULL),
(16, 3, 'KASPERSKY ACT / AGE_CON', 'SI', 'si-no', NULL, NULL),
(17, 3, 'PRINTER LOCAL/RED', 'SI', 'si-no', NULL, NULL),
(18, 3, 'ACTUALIZACIONES / WSUS', 'SI', 'si-no', NULL, NULL),
(19, 3, 'RESPALDOS', 'SI', 'si-no', NULL, NULL),
(20, 3, 'ACCESOS CARPETAS COMPARTIDAS', 'SI', 'si-no', NULL, NULL),
(21, 3, 'ACCESOS LINKS AVTA', 'SI', 'si-no', NULL, NULL),
(22, 3, 'ADOBE FLASH', 'SI', 'si-no', NULL, NULL),
(23, 3, 'SKYPE EMPRESARIAL', 'SI', 'si-no', NULL, '2017-09-13 22:12:54'),
(24, 3, 'VPN SOLO LAPTOP', 'SI', 'si-no', NULL, NULL),
(25, 3, 'FIREFOX', 'SI', 'si-no', NULL, NULL),
(26, 3, 'TELNET CLIENT', 'SI', 'si-no', NULL, NULL),
(27, 3, 'SCCM SETUP', 'SI', 'si-no', NULL, NULL),
(28, 1, 'CID ARD', 'NO', 'text', NULL, NULL),
(29, 1, 'ATID ARD', 'NO', 'text', NULL, NULL),
(30, 1, 'OFFICE ID ARD', 'NO', 'text', NULL, NULL),
(31, 1, 'CID PROPRINTER', 'NO', 'text', NULL, NULL),
(32, 1, 'ATID PROPRINTER', 'NO', 'text', NULL, NULL),
(33, 1, 'OFFICE ID PROPRINTER', 'NO', 'text', NULL, NULL),
(34, 1, 'WID CM', 'NO', 'text', NULL, NULL),
(35, 1, 'WID FM', 'NO', 'text', NULL, NULL),
(36, 1, 'WID SAPE', 'NO', 'text', NULL, NULL),
(37, 1, 'IMPRESORA:', 'NO', 'text', NULL, NULL),
(38, 1, 'HOSTNAME:', 'NO', 'text', NULL, NULL),
(39, 1, 'MARCA/MODELO:', 'NO', 'text', NULL, NULL),
(40, 1, 'ESTACION:', 'NO', 'text', NULL, NULL),
(41, 1, 'OFICINA:', 'NO', 'text', NULL, NULL),
(42, 1, 'FECHA INSTALACION:', 'NO', 'text', NULL, NULL),
(43, 4, 'ARD', 'NO', 'si-no', NULL, NULL),
(44, 4, 'JAVA JRE 6U20', 'SI', 'si-no', NULL, NULL),
(45, 4, 'JAVA JRE 6U21', 'SI', 'si-no', NULL, NULL),
(46, 6, 'CM', 'NO', 'si-no', NULL, NULL),
(47, 6, 'FM', 'NO', 'si-no', NULL, NULL),
(48, 6, 'SAPE', 'NO', 'si-no', NULL, NULL),
(49, 6, '1A-PM', 'NO', 'si-no', NULL, NULL),
(50, 6, 'CITIX', 'NO', 'si-no', NULL, NULL),
(51, 6, 'ALTEA INVENTORI', 'NO', 'si-no', NULL, NULL),
(52, 6, 'AMADEUS ARD', 'NO', 'si-no', NULL, NULL),
(53, 6, 'I. EXPLORER 8 /9', 'SI', 'si-no', NULL, NULL),
(54, 2, 'AIRCOM WEB', 'NO', 'si-no', NULL, NULL),
(55, 2, 'AIRMAN REMOTO', 'NO', 'si-no', NULL, NULL),
(56, 2, 'JAVA JRE 6U20', 'SI', 'si-no', NULL, NULL),
(57, 2, 'JAVA JRE 6U21', 'SI', 'si-no', NULL, NULL),
(58, 2, 'AMASIS', 'NO', 'si-no', NULL, NULL),
(59, 1, 'ARD', 'NO', 'si-no', NULL, NULL),
(60, 1, 'I. EXPLORER 8 /9', 'NO', 'si-no', NULL, NULL),
(61, 5, 'I. EXPLORER 10', 'NO', 'si-no', NULL, NULL),
(62, 5, 'SKY CHAIN', 'NO', 'si-no', NULL, NULL);


INSERT INTO `migrations` (`migration`, `batch`) VALUES

('2013_10_07_134523_preparar_sistema0',1),
('2013_10_07_134524_preparar_sistema',1),
('2013_10_07_134525_preparar_sistema2',1),

('2014_10_12_000000_create_users_table', 1),
('2014_10_12_100000_create_password_resets_table', 1),
('2016_05_09_033253_create_events_table', 1),
('2016_05_10_154524_create_arbols_table', 1),
('2016_05_10_154736_create_motivos__denuncias_table', 1),
('2016_05_10_180125_CreateArbolPadrinosTable', 1),
('2016_05_10_180545_crear_denuncias_table', 1),
('2016_05_11_234952_create_posts_table', 1),
('2016_07_06_133251_create_modelo_equipos_table', 1),
('2016_07_06_133335_create_orden_de_compras_table', 1),
('2016_07_06_133403_create_custodios_table', 1),
('2016_07_06_133435_create_estaciones_table', 1),
('2016_07_06_133529_create_areas_table', 1),
('2016_07_06_173333_create_check_lists_table', 1),
('2016_07_06_173701_create_opciones_check_lists_table', 1),
('2016_07_06_174853_create_check_list__opciones_check_lists_table', 1),
('2016_07_06_180221_add_token', 2),
('2016_07_06_182234_create_equipos_table', 1),
('2016_07_06_205004_add_softdeleteordencompra', 1),
('2016_07_07_165949_cambiarCustodio',  1),
('2016_07_07_225053_aumentarcampoidentificadorChecklist',  1),
('2016_07_08_024916_aumentarcampoidentificadorChecklist_op',  1),
('2016_07_08_151508_aumentarcampoequipos',  1),
('2016_07_08_164036_aumentarcampoidentificadorChecklist_op2',  1),
('2016_07_11_172354_create_equipos_logs_table',  1),
('2016_07_12_212936_create_configuracions_table',  1),
/*('2016_07_30_004104_aumentarCampos',  1),
('2016_06_01_000001_create_oauth_auth_codes_table',  1),
('2016_06_01_000002_create_oauth_access_tokens_table',  1),
('2016_06_01_000003_create_oauth_refresh_tokens_table',  1),
('2016_06_01_000004_create_oauth_clients_table',  1),
('2016_06_01_000005_create_oauth_personal_access_clients_table',  1),*/
('2017_04_06_172517_create_bitacoras_table', 1),
('2017_04_22_040720_create_repo_novedades_table', 1),
('2017_04_22_152017_create_repo_novedades_detalles_table', 1),
('2017_05_15_190634_alter_estacion_table',  1),
('2017_05_15_192101_create_ubicacion_table',  1),
('2017_05_15_200000_create_informe_mantenimiento_preventivo_categorias_table',  1),
('2017_05_15_200142_create_informe_mantenimiento_preventivos_table',  1),
('2017_05_15_203632_create_informe_mantenimiento_preventivo_tecnicos_table',  1),
('2017_07_23_000105_softDeleteUsuario',  1),
('2017_07_24_143343_alter_user_facebook',  1),
('2017_08_05_185646_alter_table_bitacoras',  1),
('2017_08_05_192847_alter_table_equipos',  1),
('2017_08_05_193329_alter_table_equipos2',  1),
('2017_08_05_194233_alter_table_equipos_logs',  1),
('2017_08_05_200742_alter_table_chklisOpcheck',  1),
('2017_08_05_225412_alter_table_reponovedades',  1),
('2017_08_10_194318_puestos_table',  1),
('2017_08_10_200907_puestos_personas_table',  1),
('2017_08_10_201959_cambiar_ubicacion_table',  1),
('2017_08_10_204650_cambiar_puesto_table',  1),
('2017_08_12_072927_cambiarpuestospersonasTabla',  1),
('2017_09_06_091619_create_busquedas_table',  1),
('2017_09_07_191456_add_rol_to_users_table',  1),
('2017_09_07_203832_add_contable_to_equipos_table',  1),
('2017_09_08_131936_add_verificado_to_users_table',  1),
('2017_09_09_084655_add_usuarioActivosFijos_yPlantaFisica_to_users_table',  1),
('2017_09_09_103000_add_garantiaHP_campos_to_equipos_table',  1),
('2017_09_09_190759_add_garantiaHP_campos_to_equiposLog_table',  1),
('2017_09_09_203809_create_jobs_table',  1),
('2017_09_10_083153_create_failed_jobs_table',  1),
('2017_09_10_191915_create_cache_table',  1),
('2017_09_11_124402_add_correos_notificacion_custodios_table',  1),
('2017_09_11_124453_add_documentoIdentificacion_users_table',  1),
('2017_09_19_204458_add_acceso_custodio_table',  1),
('2017_09_19_211439_create_notifications_table',  1),
('2017_09_21_182022_create_empresas_table',  1),
('2017_09_21_193956_add_empresa_usuarios_table',  1),
('2017_09_22_191222_add_empresa_areas_table',  1),
('2017_09_22_191358_add_empres_configuration_areas_table',  1),
('2017_09_22_191548_add_usuario_equipos_table',  1),
('2017_09_22_191652_add_empresa_estaciones_table',  1),
('2017_09_22_200206_borrar_padrino_users_table',  1),
('2017_09_25_135053_normalizar_equipos_custodios',  1),
('2017_10_04_134522_create_o_auth_apps_table', 1);
-- --------------------------------------------------------
